,precision,recall,f1-score,support
Extreme,0.9405099150141643,0.8771466314398944,0.9077238550922762,757.0
High,0.8808022922636103,0.8698358800226372,0.8752847380410023,1767.0
Low,0.9941539460863917,0.9701547725952142,0.9820077529742013,18931.0
Moderate,0.8253012048192772,0.9408346539883783,0.8792890644285362,3786.0
accuracy,0.9559446931579573,0.9559446931579573,0.9559446931579573,0.9559446931579573
macro avg,0.9101918395458609,0.9144929845115309,0.911076352634004,25241.0
weighted avg,0.9592830066519863,0.9559446931579573,0.9569015593639058,25241.0
